Accuracy,Precision,Recall,F1-score
0.793,0.7374392220421394,0.91,0.8146821844225605
