Accuracy,Precision,Recall,F1-score
0.98025,0.9809714571857787,0.9795,0.9802351763822867
