Accuracy,Precision,Recall,F1-score
0.95625,0.9470847623713866,0.9665,0.9566938876515714
